Model,AUC_ROC,AUPRC,Recall,F1
Logistic Regression,0.8042036351106902,0.6093436963879659,0.7021276595744681,0.46153846153846156
Random Forest,0.7683262985614608,0.4085890762603502,0.0851063829787234,0.14035087719298245
Gradient Boosting,0.7887845637005773,0.4396915419628925,0.19148936170212766,0.28125
